insert  into `action`(`id`,`path`,`createTime`,`moduleId`,`actionName`,`orders`) values (0000000053,'manage/user-manage!checkUserName.action','2010-07-21 15:47:49',14,'检测用户名',9),(0000000049,'manage/user-manage!setRoleByUser.action','2010-07-21 15:45:11',14,'分配权限',5),(0000000050,'manage/user-manage!toSetRoleByUser.action','2010-07-21 15:46:02',14,'去分配权限',7),(0000000051,'manage/user-manage!toAlter.action','2010-07-21 15:47:07',14,'去修改用户',6),(0000000046,'manage/user-manage!delete.action','2010-07-21 15:44:08',14,'删除人员',2),(0000000047,'manage/user-manage!alter.action','2010-07-21 15:44:32',14,'修改人员',3),(0000000048,'manage/user-manage.action','2010-07-21 15:44:47',14,'查询人员',4),(0000000052,'manage/user-manage!login.action','2010-07-21 15:47:32',14,'后台登录',8),(0000000045,'manage/user-manage!save.action','2010-07-21 15:43:29',14,'增加人员',1),(0000000037,'manage/role-manage!save.action','2010-07-21 15:29:01',11,'增加角色',1),(0000000038,'manage/role-manage!delete.action','2010-07-21 15:29:31',11,'删除角色',2),(0000000039,'manage/role-manage!alter.action','2010-07-21 15:30:02',11,'修改角色',3),(0000000040,'manage/role-manage.action','2010-07-21 15:31:23',11,'查询角色',4),(0000000041,'manage/role-manage!toAlter.action','2010-07-21 15:32:19',11,'去修改角色',5),(0000000042,'manage/role-manage!setActionByRole.action','2010-07-21 15:33:12',11,'分配权限',6),(0000000043,'manage/role-manage!toSetActionByRole.action','2010-07-21 15:33:37',11,'去分配权限',7),(0000000054,'manage/module-manage!save.action','2010-07-21 15:49:24',12,'增加模块',1),(0000000055,'manage/module-manage!delete.action','2010-07-21 15:50:03',12,'删除模块',2),(0000000056,'manage/module-manage!delete.action','2010-07-21 15:54:40',12,'删除模块',2),(0000000057,'manage/module-manage!alter.action','2010-07-21 15:54:56',12,'修改模块',3),(0000000058,'manage/module-manage.action','2010-07-21 15:55:12',12,'查询模块',4),(0000000059,'manage/module-manage!toAlter.action','2010-07-21 15:55:53',12,'去修改模块',5),(0000000060,'manage/action-manage!save.action','2010-07-21 15:56:40',13,'增加权限',1),(0000000061,'manage/action-manage!alter.action','2010-07-21 15:57:07',13,'修改权限',3),(0000000062,'manage/action-manage!delete.action','2010-07-21 15:57:22',13,'删除权限',2),(0000000063,'manage/action-manage.action','2010-07-21 15:58:19',13,'查询权限',4),(0000000064,'manage/action-manage!toAlter.action','2010-07-21 15:59:10',13,'去修改权限',5),(0000000065,'manage/action-manage!toSave.action','2010-07-21 15:59:28',13,'去保存权限',6),(0000000066,'manage/role-manage!toSetMenuByRole.action','2010-07-27 17:01:11',11,'去分配菜单',8),(0000000067,'manage/role-manage!setMenuByRole.action','2010-07-27 17:01:44',11,'分配菜单',9),(0000000068,'manage/menu-manage.action','2010-07-27 17:14:47',17,'查询菜单',4),(0000000069,'manage/menu-manage!save.action','2010-07-27 17:15:50',17,'增加菜单',1),(0000000070,'manage/menu-manage!delete.action','2010-07-27 17:16:20',17,'删除菜单',2),(0000000071,'manage/menu-manage!alter.action','2010-07-27 17:16:45',17,'修改菜单',3),(0000000072,'manage/menu-manage!toAlter.action','2010-07-27 17:17:22',17,'去修改菜单',6),(0000000073,'manage/menu-manage!toSave.action','2010-07-27 17:24:22',17,'去增加菜单',5),(0000000075,'manage/role-manage!updateCacheByRole.action','2010-07-28 10:48:20',11,'更新角色缓存',10),(0000000076,'manage/user-manage!loginOut.action','2010-07-28 11:25:48',14,'登出',10);
insert  into `menu`(`id`,`menuName`,`parentId`,`url`,`imageUrl`,`dept`,`createTime`,`orders`) values (4,'用户管理',0,'','',0,'2010-07-23 00:00:00','1'),(5,'人员管理',4,'manage/user-manage.action','',0,'2010-07-23 00:00:00','1.1'),(6,'角色管理',4,'manage/role-manage.action','',0,'2010-07-23 00:00:00','1.2'),(7,'模块管理',4,'manage/module-manage.action','',0,'2010-07-23 00:00:00','1.3'),(8,'权限管理',4,'manage/action-manage.action','',0,'2010-07-23 00:00:00','1.4'),(9,'菜单管理',4,'manage/menu-manage.action','',0,'2010-07-23 00:00:00','1.5'),(10,'日程管理',0,'','',0,'2010-07-23 00:00:00','2'),(11,'我的日程',10,'','',0,'2010-07-23 00:00:00','2.1'),(12,'测试',10,'','',0,'2010-07-23 16:16:41','2.2'),(13,'测试1',12,'','',0,'2010-07-23 17:02:14','2.2.1'),(14,'测试2',13,'','',0,'2010-07-23 17:09:16','2.2.1.1');
insert  into `module`(`id`,`moduleName`,`moduleInfo`,`createTime`) values (14,'人员管理','人员的基本信息管理','2010-07-21 15:42:41'),(11,'角色管理','管理角色的基本信息','2010-07-20 17:03:27'),(12,'模块管理','管理模块的基本信息','2010-07-20 17:03:45'),(13,'权限管理','管理权限的基本信息','2010-07-20 17:04:07'),(17,'菜单管理','菜单的基本信息管理','2010-07-27 17:13:08');
insert  into `role`(`id`,`roleName`,`roleInfo`,`createTime`) values (20,'admin','系统管理员','2010-05-18 13:44:23'),(39,'测试','测试','2010-07-23 16:00:43');
insert  into `roleaction`(`roleId`,`actionId`) values (39,'54'),(39,'51'),(20,'59'),(20,'75'),(20,'54'),(20,'55'),(20,'63'),(20,'56'),(20,'62'),(20,'76'),(20,'66'),(20,'43'),(20,'73'),(20,'45'),(20,'37'),(20,'69'),(20,'71'),(20,'40'),(20,'52'),(20,'64'),(20,'42'),(20,'48'),(20,'58'),(20,'57'),(20,'60'),(20,'47'),(20,'67'),(20,'61'),(20,'72'),(39,'67'),(39,'66'),(39,'52'),(39,'63'),(39,'64'),(39,'65'),(39,'40'),(39,'43'),(39,'38'),(39,'48'),(39,'57'),(39,'47'),(39,'62'),(39,'58'),(39,'75'),(39,'39'),(39,'55'),(39,'45'),(39,'61'),(39,'41'),(39,'53'),(39,'56'),(39,'50'),(39,'42'),(39,'60'),(39,'46'),(20,'70'),(20,'46'),(20,'49'),(20,'51'),(20,'68'),(20,'41'),(20,'38'),(20,'65'),(20,'50'),(20,'39'),(39,'49'),(39,'59'),(20,'53'),(39,'37');
insert  into `rolemenu`(`roleId`,`menuId`) values (20,9),(20,11),(20,4),(20,5),(20,7),(20,6),(20,8),(20,12),(20,14),(20,13),(20,10),(39,6),(39,10),(39,11),(39,4),(39,9);
insert  into `userrole`(`userId`,`roleId`) values (7,20),(2,20),(8,20),(23,20),(391,20),(1,20),(13,20),(37,39);
INSERT INTO ops.userinfo (id,userName,userPassword,email,createTime) VALUES (
2,'admin','jianguo^&*(98',NULL,STR_TO_DATE('2010-04-02 13:12:12','%Y-%m-%d %H:%i:%s')
,1,'天天网友','asdf','jiege82000@163.com',STR_TO_DATE('2010-04-15 18:00:00','%Y-%m-%d %H:%i:%s')
,7,'254640332','4789602708','254640332@qq.com',STR_TO_DATE('2010-04-17 23:17:52','%Y-%m-%d %H:%i:%s')
,8,'13820402455','15030845155','jiege82000@163.com',STR_TO_DATE('2010-04-17 23:42:03','%Y-%m-%d %H:%i:%s')
,10,'wei24551','wei24551','',STR_TO_DATE('2010-04-19 03:02:22','%Y-%m-%d %H:%i:%s')
,12,'kingking9342','336699','',STR_TO_DATE('2010-04-19 11:58:23','%Y-%m-%d %H:%i:%s')
,13,'asdf','asdf','',STR_TO_DATE('2010-04-21 19:15:14','%Y-%m-%d %H:%i:%s')
,15,'13793449678','13793449678','',STR_TO_DATE('2010-04-22 07:43:52','%Y-%m-%d %H:%i:%s')
,413,'aa','bb','jiege82000@163.com',STR_TO_DATE('2010-07-21 17:16:20','%Y-%m-%d %H:%i:%s')
,19,'香烟燃着寂寞','26997154','WJGX8730@163.com',STR_TO_DATE('2010-04-23 17:36:26','%Y-%m-%d %H:%i:%s')
);
INSERT INTO ops.userinfo (id,userName,userPassword,email,createTime) VALUES (
20,'506524485','5686913202','506524485@qq.com',STR_TO_DATE('2010-04-23 19:09:55','%Y-%m-%d %H:%i:%s')
,58,'20088002','hongnv2008','',STR_TO_DATE('2010-04-28 15:08:42','%Y-%m-%d %H:%i:%s')
,23,'zsn0814','zsnn','',STR_TO_DATE('2010-04-23 20:51:34','%Y-%m-%d %H:%i:%s')
,24,'guye1023','ght901003','guye1023@163.com',STR_TO_DATE('2010-04-23 22:41:09','%Y-%m-%d %H:%i:%s')
,28,'13581658354','13581058354','',STR_TO_DATE('2010-04-24 01:19:25','%Y-%m-%d %H:%i:%s')
,29,'我有我的快乐','19870128','',STR_TO_DATE('2010-04-24 03:14:54','%Y-%m-%d %H:%i:%s')
,30,'360688510','123456','360688510@qq.COM',STR_TO_DATE('2010-04-24 03:30:06','%Y-%m-%d %H:%i:%s')
,32,'947055832','st4a11s6d10e4g','',STR_TO_DATE('2010-04-24 18:25:34','%Y-%m-%d %H:%i:%s')
,33,'874962642','Qq13318904909','',STR_TO_DATE('2010-04-24 21:38:20','%Y-%m-%d %H:%i:%s')
,34,'78148069','531963444','aa13728103928@qq.com',STR_TO_DATE('2010-04-24 23:52:59','%Y-%m-%d %H:%i:%s')
);
INSERT INTO ops.userinfo (id,userName,userPassword,email,createTime) VALUES (
35,'906065313','12345','906065313qq@.com',STR_TO_DATE('2010-04-24 24:28:16','%Y-%m-%d %H:%i:%s')
,36,'xinyuncao','82976171','zggayesong@163.com',STR_TO_DATE('2010-04-25 16:28:37','%Y-%m-%d %H:%i:%s')
,37,'song','8907519','844344657@qq.com',STR_TO_DATE('2010-04-25 21:25:39','%Y-%m-%d %H:%i:%s')
,38,'13787101100','101100','',STR_TO_DATE('2010-04-25 23:49:23','%Y-%m-%d %H:%i:%s')
,39,'318729056','506151584','249704856@qq.com',STR_TO_DATE('2010-04-25 24:39:35','%Y-%m-%d %H:%i:%s')
,40,'msjy','msjy','',STR_TO_DATE('2010-04-26 01:31:41','%Y-%m-%d %H:%i:%s')
,41,'play840307','zhao840307','tang532437@126.com',STR_TO_DATE('2010-04-26 09:15:34','%Y-%m-%d %H:%i:%s')
,42,'家里人大政协','4471106','',STR_TO_DATE('2010-04-26 13:02:20','%Y-%m-%d %H:%i:%s')
,43,'xtso520ok','xtso86','xtso520ok@163.com',STR_TO_DATE('2010-04-26 14:58:41','%Y-%m-%d %H:%i:%s')
,44,'ml830629','830629','ml830629@163.com',STR_TO_DATE('2010-04-26 15:57:40','%Y-%m-%d %H:%i:%s')
);
INSERT INTO ops.userinfo (id,userName,userPassword,email,createTime) VALUES (
45,'15179359137','334106','',STR_TO_DATE('2010-04-26 18:38:04','%Y-%m-%d %H:%i:%s')
,47,'15963','15963','',STR_TO_DATE('2010-04-26 22:24:21','%Y-%m-%d %H:%i:%s')
,48,'wanglei','1127','645051683@qq.com',STR_TO_DATE('2010-04-26 23:09:29','%Y-%m-%d %H:%i:%s')
,49,'303728036','328623271','',STR_TO_DATE('2010-04-26 24:14:55','%Y-%m-%d %H:%i:%s')
,50,'482444H','huaii','',STR_TO_DATE('2010-04-26 24:57:05','%Y-%m-%d %H:%i:%s')
,51,'snoont','7793825','snoont@tom.com',STR_TO_DATE('2010-04-27 10:12:46','%Y-%m-%d %H:%i:%s')
,52,'llpchf','123456789','llpchf.love@163.com',STR_TO_DATE('2010-04-27 11:41:56','%Y-%m-%d %H:%i:%s')
,53,'天天听听歌','689555','',STR_TO_DATE('2010-04-27 14:30:55','%Y-%m-%d %H:%i:%s')
,54,'406067359','85117645','',STR_TO_DATE('2010-04-27 24:28:19','%Y-%m-%d %H:%i:%s')
,55,'A11010','584520','',STR_TO_DATE('2010-04-28 08:51:07','%Y-%m-%d %H:%i:%s')
);
INSERT INTO ops.userinfo (id,userName,userPassword,email,createTime) VALUES (
56,'lovezheng','woaini','519287787@qq.com',STR_TO_DATE('2010-04-28 09:14:13','%Y-%m-%d %H:%i:%s')
,57,'A5722240','0000','',STR_TO_DATE('2010-04-28 09:38:51','%Y-%m-%d %H:%i:%s')
,59,'671454331','63297427','',STR_TO_DATE('2010-04-28 15:09:32','%Y-%m-%d %H:%i:%s')
,60,'172944186','172944186','',STR_TO_DATE('2010-04-28 17:10:35','%Y-%m-%d %H:%i:%s')
,61,'74265247464','7426524','',STR_TO_DATE('2010-04-28 17:29:26','%Y-%m-%d %H:%i:%s')
,62,'shitou','19860428liuCOM..',NULL,STR_TO_DATE('2010-04-28 19:07:22','%Y-%m-%d %H:%i:%s')
,63,'我是宋哲','578919976','578919976@qq.com',STR_TO_DATE('2010-04-28 21:07:14','%Y-%m-%d %H:%i:%s')
,64,'音乐我爱听',' 4932278886','',STR_TO_DATE('2010-04-28 21:36:05','%Y-%m-%d %H:%i:%s')
,65,' 041331','1331','',STR_TO_DATE('2010-04-28 21:36:48','%Y-%m-%d %H:%i:%s')
,66,'041331','1331','',STR_TO_DATE('2010-04-28 21:39:23','%Y-%m-%d %H:%i:%s')
);
INSERT INTO ops.userinfo (id,userName,userPassword,email,createTime) VALUES (
67,'爱听音乐','cy14617','1113822707@qq.com',STR_TO_DATE('2010-04-28 21:54:54','%Y-%m-%d %H:%i:%s')
,68,'wzw2lt','326819','16475065@qq.com',STR_TO_DATE('2010-04-28 22:24:31','%Y-%m-%d %H:%i:%s')
,69,'434971561','qingshang@82151','',STR_TO_DATE('2010-04-28 22:46:09','%Y-%m-%d %H:%i:%s')
,70,'慕容小鹏','852088','379060111@QQ.COM',STR_TO_DATE('2010-04-28 23:08:02','%Y-%m-%d %H:%i:%s')
,71,'hby8201210','hby8201210','',STR_TO_DATE('2010-04-28 23:30:55','%Y-%m-%d %H:%i:%s')
,72,'☆夏のあ','709394','',STR_TO_DATE('2010-04-28 23:44:32','%Y-%m-%d %H:%i:%s')
,73,'wh358','1986824','912567363@qq.com',STR_TO_DATE('2010-04-28 24:01:39','%Y-%m-%d %H:%i:%s')
,75,'lzq8712','123465','lzq8712@163.com',STR_TO_DATE('2010-04-28 24:06:01','%Y-%m-%d %H:%i:%s')
,76,'puk1234567','137886400','msn1234567msn@msn.cn',STR_TO_DATE('2010-04-28 24:07:49','%Y-%m-%d %H:%i:%s')
,77,'012150','012150','',STR_TO_DATE('2010-04-28 24:15:39','%Y-%m-%d %H:%i:%s')
);
INSERT INTO ops.userinfo (id,userName,userPassword,email,createTime) VALUES (
78,'a passerby','13877411604','',STR_TO_DATE('2010-04-29 01:30:55','%Y-%m-%d %H:%i:%s')
,79,'314388939','wploveforever','314388939@qq.com',STR_TO_DATE('2010-04-29 01:52:24','%Y-%m-%d %H:%i:%s')
,80,'41316064','41316064','',STR_TO_DATE('2010-04-29 02:23:39','%Y-%m-%d %H:%i:%s')
,81,'13620525368','fjw19910724','a825686115@qq.com',STR_TO_DATE('2010-04-29 03:00:21','%Y-%m-%d %H:%i:%s')
,82,'xiang','123456','',STR_TO_DATE('2010-04-29 07:22:16','%Y-%m-%d %H:%i:%s')
,83,'519464838','8491435','',STR_TO_DATE('2010-04-29 09:19:44','%Y-%m-%d %H:%i:%s')
,84,'lxh05','15443393','',STR_TO_DATE('2010-04-29 09:39:49','%Y-%m-%d %H:%i:%s')
,85,'SMT146113','881211','',STR_TO_DATE('2010-04-29 09:40:38','%Y-%m-%d %H:%i:%s')
,86,'471796235','XiaoJIe258369','',STR_TO_DATE('2010-04-29 09:45:09','%Y-%m-%d %H:%i:%s')
,87,'CAOJIFA','247131','179680536@qq.com',STR_TO_DATE('2010-04-29 10:09:39','%Y-%m-%d %H:%i:%s')
);
INSERT INTO ops.userinfo (id,userName,userPassword,email,createTime) VALUES (
88,'QQ632730763','890316','',STR_TO_DATE('2010-04-29 10:09:47','%Y-%m-%d %H:%i:%s')
,89,'yejayzhu','zhujun','245940462@qq.com',STR_TO_DATE('2010-04-29 10:43:56','%Y-%m-%d %H:%i:%s')
,90,'1083653431','zhaopeng35487396','1083653431@qq.com',STR_TO_DATE('2010-04-29 11:50:54','%Y-%m-%d %H:%i:%s')
,91,'j358502339','358502339','358502339@.qq.com',STR_TO_DATE('2010-04-29 12:36:59','%Y-%m-%d %H:%i:%s')
,92,'变换之风','1112358','',STR_TO_DATE('2010-04-29 12:50:22','%Y-%m-%d %H:%i:%s')
,94,'warzerg','124704661',NULL,STR_TO_DATE('2010-04-02 13:30:30','%Y-%m-%d %H:%i:%s')
,95,'236027367','linjunjie910609','',STR_TO_DATE('2010-04-29 14:04:05','%Y-%m-%d %H:%i:%s')
,96,'寄情怀我们','747483068','',STR_TO_DATE('2010-04-29 15:29:51','%Y-%m-%d %H:%i:%s')
,97,'412926','19770804','309925540,@qq.com',STR_TO_DATE('2010-04-29 15:44:34','%Y-%m-%d %H:%i:%s')
,98,'翼龙重天','151544','',STR_TO_DATE('2010-04-29 15:51:00','%Y-%m-%d %H:%i:%s')
);
INSERT INTO ops.userinfo (id,userName,userPassword,email,createTime) VALUES (
99,'cj88211042','71067108','cj88211042@163.com',STR_TO_DATE('2010-04-29 16:03:23','%Y-%m-%d %H:%i:%s')
,100,'Baidu','3320297','',STR_TO_DATE('2010-04-29 16:17:45','%Y-%m-%d %H:%i:%s')
,101,'a3223378','123456','415463554@QQ.com',STR_TO_DATE('2010-04-29 16:43:36','%Y-%m-%d %H:%i:%s')
,102,'sunny','jiahui520','1109138773@qq.com',STR_TO_DATE('2010-04-29 17:43:56','%Y-%m-%d %H:%i:%s')
,103,'xidouzi','0611007','xidou2007@126.com',STR_TO_DATE('2010-04-29 18:00:34','%Y-%m-%d %H:%i:%s')
,104,'wainizly','wwj789456','453586534@qq.com',STR_TO_DATE('2010-04-29 19:32:17','%Y-%m-%d %H:%i:%s')
,105,'冰冰加油','1986wo','',STR_TO_DATE('2010-04-29 19:44:35','%Y-%m-%d %H:%i:%s')
,106,'hfg199m','qq10086','hfg1990@gmail.com',STR_TO_DATE('2010-04-29 20:47:34','%Y-%m-%d %H:%i:%s')
,107,'CHENHUA','536538','13690840800@139.com',STR_TO_DATE('2010-04-29 20:53:23','%Y-%m-%d %H:%i:%s')
,108,'913326603','121310','913326603@qq.com',STR_TO_DATE('2010-04-29 21:54:40','%Y-%m-%d %H:%i:%s')
);
INSERT INTO ops.userinfo (id,userName,userPassword,email,createTime) VALUES (
109,'121310','121310','13544122567@139.com',STR_TO_DATE('2010-04-29 21:55:55','%Y-%m-%d %H:%i:%s')
,110,'phf6271','phf6271','565808226@qq.com',STR_TO_DATE('2010-04-29 22:50:22','%Y-%m-%d %H:%i:%s')
,111,'546554500','a546554500','546554500@qq.com',STR_TO_DATE('2010-04-29 23:35:38','%Y-%m-%d %H:%i:%s')
,112,'KISS',' 05962091101','',STR_TO_DATE('2010-04-29 23:38:22','%Y-%m-%d %H:%i:%s')
,113,'732783622','13927292175','',STR_TO_DATE('2010-04-29 24:05:22','%Y-%m-%d %H:%i:%s')
,114,'904166331','lyly727322','',STR_TO_DATE('2010-04-29 24:06:36','%Y-%m-%d %H:%i:%s')
,115,'1234','1204758971','',STR_TO_DATE('2010-04-29 24:26:19','%Y-%m-%d %H:%i:%s')
,116,'qq773211013','86693665','773211013@qq.com',STR_TO_DATE('2010-04-30 02:02:42','%Y-%m-%d %H:%i:%s')
,117,'9909','9909','762345758@qq.com',STR_TO_DATE('2010-04-30 02:15:56','%Y-%m-%d %H:%i:%s')
,118,'343949615','198751','343949615@qq.com',STR_TO_DATE('2010-04-30 03:13:56','%Y-%m-%d %H:%i:%s')
);
INSERT INTO ops.userinfo (id,userName,userPassword,email,createTime) VALUES (
119,'digego','di6657397','',STR_TO_DATE('2010-04-30 03:15:19','%Y-%m-%d %H:%i:%s')
,120,'756638022','511436','',STR_TO_DATE('2010-04-30 04:12:45','%Y-%m-%d %H:%i:%s')
,121,'melody','123123','zhangdadalu@163.com',STR_TO_DATE('2010-04-30 04:45:07','%Y-%m-%d %H:%i:%s')
,122,'75231','75231','',STR_TO_DATE('2010-04-30 07:21:18','%Y-%m-%d %H:%i:%s')
,123,'huoyan','999998','shishang07@163.com',STR_TO_DATE('2010-04-30 08:47:36','%Y-%m-%d %H:%i:%s')
,124,'草原传说','65435080','12559388301.@com',STR_TO_DATE('2010-04-30 09:40:02','%Y-%m-%d %H:%i:%s')
,125,'EEE666','666666','',STR_TO_DATE('2010-04-30 10:22:37','%Y-%m-%d %H:%i:%s')
,126,'zcqqc','qrzdwkyo','zcqqc@qq.com',STR_TO_DATE('2010-04-30 10:49:42','%Y-%m-%d %H:%i:%s')
,127,'346489105','19910312liu','346489105@163.COM',STR_TO_DATE('2010-04-30 11:10:44','%Y-%m-%d %H:%i:%s')
,128,'freewfs','wfs100405','',STR_TO_DATE('2010-04-30 11:25:46','%Y-%m-%d %H:%i:%s')
);
INSERT INTO ops.userinfo (id,userName,userPassword,email,createTime) VALUES (
129,'12345','198569','396587161@QQ.com',STR_TO_DATE('2010-04-30 12:54:03','%Y-%m-%d %H:%i:%s')
,130,'dj55679','as21426352','',STR_TO_DATE('2010-04-30 13:55:01','%Y-%m-%d %H:%i:%s')
,131,'67017281','ttpod','67017281@qq.com',STR_TO_DATE('2010-04-30 14:16:21','%Y-%m-%d %H:%i:%s')
,132,'zcy_coffee','251213580','',STR_TO_DATE('2010-04-30 14:50:28','%Y-%m-%d %H:%i:%s')
,133,'634792102','2115695','634792105@qq.com',STR_TO_DATE('2010-04-30 15:16:54','%Y-%m-%d %H:%i:%s')
,134,'168168','168168','65927209@qq.com',STR_TO_DATE('2010-04-30 15:37:08','%Y-%m-%d %H:%i:%s')
,135,'yxh080502','2012','308620759@qq.com',STR_TO_DATE('2010-04-30 16:31:27','%Y-%m-%d %H:%i:%s')
,136,'tylergage ','245521','420927256@qq.com ',STR_TO_DATE('2010-04-30 16:54:37','%Y-%m-%d %H:%i:%s')
,137,'梦中的你你你','962697','',STR_TO_DATE('2010-04-30 17:03:08','%Y-%m-%d %H:%i:%s')
,138,'710046998','5381126','710046998@qq.com',STR_TO_DATE('2010-04-30 17:22:23','%Y-%m-%d %H:%i:%s')
);
INSERT INTO ops.userinfo (id,userName,userPassword,email,createTime) VALUES (
139,'zjxha','36243513','zjxha.2008@qq.com',STR_TO_DATE('2010-04-30 18:30:09','%Y-%m-%d %H:%i:%s')
,140,'584541884','584541884','',STR_TO_DATE('2010-04-30 20:02:17','%Y-%m-%d %H:%i:%s')
,141,'永不睡觉的人','ai1687399707','781250267@qq.com',STR_TO_DATE('2010-04-30 20:26:21','%Y-%m-%d %H:%i:%s')
,142,'QQ809433688','88845636','',STR_TO_DATE('2010-04-30 22:21:05','%Y-%m-%d %H:%i:%s')
,143,'lifeng','2058','539692058@qq.com',STR_TO_DATE('2010-04-30 22:44:25','%Y-%m-%d %H:%i:%s')
,144,'leixiaohe','7664589','leixiaohe@163.com',STR_TO_DATE('2010-04-30 23:03:33','%Y-%m-%d %H:%i:%s')
,145,'jslkhrk','24691356','',STR_TO_DATE('2010-04-30 23:08:45','%Y-%m-%d %H:%i:%s')
,146,'13719497735','8817565','544013602qq@.com',STR_TO_DATE('2010-05-01 01:09:32','%Y-%m-%d %H:%i:%s')
,147,'gaojie5588','147258369','254068505@qq.com',STR_TO_DATE('2010-05-01 02:06:01','%Y-%m-%d %H:%i:%s')
,148,'9325934','8657072','',STR_TO_DATE('2010-05-01 02:16:15','%Y-%m-%d %H:%i:%s')
);
INSERT INTO ops.userinfo (id,userName,userPassword,email,createTime) VALUES (
149,'天天不动听','13560481626','tcl095@163.com',STR_TO_DATE('2010-05-01 05:27:52','%Y-%m-%d %H:%i:%s')
,150,'jiahe1224','jiahe4221','',STR_TO_DATE('2010-05-01 05:58:27','%Y-%m-%d %H:%i:%s')
,151,'13598197890','13598197890','',STR_TO_DATE('2010-05-01 06:32:07','%Y-%m-%d %H:%i:%s')
,152,'422753173','422753173','',STR_TO_DATE('2010-05-01 07:35:10','%Y-%m-%d %H:%i:%s')
,153,'505836126','15831659380','505836126@163.com',STR_TO_DATE('2010-05-01 08:06:55','%Y-%m-%d %H:%i:%s')
,154,'100200','100200','tmj12241@hotmail.com',STR_TO_DATE('2010-05-01 08:56:28','%Y-%m-%d %H:%i:%s')
,155,'qq601045398','123gl123','',STR_TO_DATE('2010-05-01 09:05:30','%Y-%m-%d %H:%i:%s')
,156,'470518226','470518226','470518226@qq.com',STR_TO_DATE('2010-05-01 09:10:19','%Y-%m-%d %H:%i:%s')
,157,'493227886','493227886','',STR_TO_DATE('2010-05-01 09:39:35','%Y-%m-%d %H:%i:%s')
,158,'R2828520','28227520','349326513@qq.com',STR_TO_DATE('2010-05-01 10:15:23','%Y-%m-%d %H:%i:%s')
);
INSERT INTO ops.userinfo (id,userName,userPassword,email,createTime) VALUES (
159,'FC8888','zw13410381209','zw198777@qq.com',STR_TO_DATE('2010-05-01 10:49:07','%Y-%m-%d %H:%i:%s')
,160,'44974785','522501314','44974785@163.com',STR_TO_DATE('2010-05-01 11:11:54','%Y-%m-%d %H:%i:%s')
,161,'lomu12','1234501','www.595004313@qq.com',STR_TO_DATE('2010-05-01 11:18:17','%Y-%m-%d %H:%i:%s')
,162,'lier','0105390','363005403@qq.com',STR_TO_DATE('2010-05-01 11:58:07','%Y-%m-%d %H:%i:%s')
,163,'deguo701988','19701208px','',STR_TO_DATE('2010-05-01 13:01:28','%Y-%m-%d %H:%i:%s')
,164,'260900596','abcde123','',STR_TO_DATE('2010-05-01 13:19:20','%Y-%m-%d %H:%i:%s')
,165,'liu6851437','94911033830','',STR_TO_DATE('2010-05-01 13:20:12','%Y-%m-%d %H:%i:%s')
,166,'55725','142536','',STR_TO_DATE('2010-05-01 13:32:52','%Y-%m-%d %H:%i:%s')
,167,'00000','0000','',STR_TO_DATE('2010-05-01 14:45:52','%Y-%m-%d %H:%i:%s')
,168,'我爱天天','1234','Ply88@21cn.com',STR_TO_DATE('2010-05-01 14:49:21','%Y-%m-%d %H:%i:%s')
);
INSERT INTO ops.userinfo (id,userName,userPassword,email,createTime) VALUES (
169,'328926972','h00000000','hgq023@163.com',STR_TO_DATE('2010-05-01 16:53:52','%Y-%m-%d %H:%i:%s')
,170,'568685508','568685508','',STR_TO_DATE('2010-05-01 16:54:47','%Y-%m-%d %H:%i:%s')
,171,'sxp200422','611414','sxp200422@163.com',STR_TO_DATE('2010-05-01 17:22:25','%Y-%m-%d %H:%i:%s')
,172,'950126','shan950126viphao','',STR_TO_DATE('2010-05-01 18:18:33','%Y-%m-%d %H:%i:%s')
,173,'wangpeng666','7438306','82223704@qq.com',STR_TO_DATE('2010-05-01 19:44:17','%Y-%m-%d %H:%i:%s')
,174,'mo514577170','15812451302','514577170@qq.com',STR_TO_DATE('2010-05-01 21:09:42','%Y-%m-%d %H:%i:%s')
,175,'13916006940','zun891106','995570065@qq.com',STR_TO_DATE('2010-05-01 21:16:43','%Y-%m-%d %H:%i:%s')
,176,'171709140','951@wdc','15195142040@163.com',STR_TO_DATE('2010-05-01 21:31:52','%Y-%m-%d %H:%i:%s')
,177,'cenrujing','www123','',STR_TO_DATE('2010-05-01 21:45:00','%Y-%m-%d %H:%i:%s')
,178,'889527','963741','',STR_TO_DATE('2010-05-01 21:49:04','%Y-%m-%d %H:%i:%s')
);
INSERT INTO ops.userinfo (id,userName,userPassword,email,createTime) VALUES (
179,'QQ2776633','qq2776633','609352043@qq.com',STR_TO_DATE('2010-05-01 22:08:39','%Y-%m-%d %H:%i:%s')
,180,'Imzhh','5511324','imzhh@foxmail.com',STR_TO_DATE('2010-05-01 22:13:39','%Y-%m-%d %H:%i:%s')
,181,'LKL66','lkl554161312DJ','554161312@qq.com',STR_TO_DATE('2010-05-01 22:57:36','%Y-%m-%d %H:%i:%s')
,182,'huan715509','715509','',STR_TO_DATE('2010-05-01 23:32:47','%Y-%m-%d %H:%i:%s')
,183,'880620','yuchong19880620','1125912234@qq.com',STR_TO_DATE('2010-05-01 23:45:36','%Y-%m-%d %H:%i:%s')
,184,'guochao421','421421','',STR_TO_DATE('2010-05-01 23:49:03','%Y-%m-%d %H:%i:%s')
,185,'wuqingru','365842427','13414753967@139.com',STR_TO_DATE('2010-05-01 24:00:32','%Y-%m-%d %H:%i:%s')
,186,'lgjian','qq284696866','284696866@.qq.com',STR_TO_DATE('2010-05-01 24:36:03','%Y-%m-%d %H:%i:%s')
,187,'540759762','1357911','',STR_TO_DATE('2010-05-01 24:45:14','%Y-%m-%d %H:%i:%s')
,188,'13076412626','KUN700236','',STR_TO_DATE('2010-05-01 24:51:38','%Y-%m-%d %H:%i:%s')
);
INSERT INTO ops.userinfo (id,userName,userPassword,email,createTime) VALUES (
189,'OLD A','86030323','',STR_TO_DATE('2010-05-02 06:19:45','%Y-%m-%d %H:%i:%s')
,190,'snow','1278910465tang','',STR_TO_DATE('2010-05-02 08:17:00','%Y-%m-%d %H:%i:%s')
,191,'898707014','820740','',STR_TO_DATE('2010-05-02 08:39:03','%Y-%m-%d %H:%i:%s')
,192,'Yfd800621','0800621','173804851qq@.com',STR_TO_DATE('2010-05-02 09:43:22','%Y-%m-%d %H:%i:%s')
,193,'QQ2776632','qq2776633','609352043@qq.com',STR_TO_DATE('2010-05-02 10:20:55','%Y-%m-%d %H:%i:%s')
,194,'1138046059','1138046059','1138046059@qq.com',STR_TO_DATE('2010-05-02 11:07:31','%Y-%m-%d %H:%i:%s')
,195,'一缘难尽','449153','gggsd@126.com',STR_TO_DATE('2010-05-02 11:46:20','%Y-%m-%d %H:%i:%s')
,196,'hjb544013639','199166','hjb544013639@126.com',STR_TO_DATE('2010-05-02 12:11:13','%Y-%m-%d %H:%i:%s')
,197,'jinzexin','283459539','jinzexin2005@163.com',STR_TO_DATE('2010-05-02 12:37:26','%Y-%m-%d %H:%i:%s')
,198,'512324','123456','',STR_TO_DATE('2010-05-02 12:58:16','%Y-%m-%d %H:%i:%s')
);
INSERT INTO ops.userinfo (id,userName,userPassword,email,createTime) VALUES (
199,'西部骇客','19701028','',STR_TO_DATE('2010-05-02 13:33:25','%Y-%m-%d %H:%i:%s')
,201,'动听天天','549826','306614954@qq.com',STR_TO_DATE('2010-05-02 14:52:36','%Y-%m-%d %H:%i:%s')
,202,'JIANLI','353535','1078687164 @qq.com ',STR_TO_DATE('2010-05-02 14:57:22','%Y-%m-%d %H:%i:%s')
,203,'aaa1066519178','15920109467','',STR_TO_DATE('2010-05-02 16:19:32','%Y-%m-%d %H:%i:%s')
,204,'地狱使者','huangdeng','755303293@qq.com',STR_TO_DATE('2010-05-02 16:33:22','%Y-%m-%d %H:%i:%s')
,205,'weizhixue','8013223','724623567@qq.com',STR_TO_DATE('2010-05-02 18:27:10','%Y-%m-%d %H:%i:%s')
,206,'chishaoxin','1990512240','836537185@QQ.COM',STR_TO_DATE('2010-05-02 18:50:20','%Y-%m-%d %H:%i:%s')
,207,'323235','15009208617','',STR_TO_DATE('2010-05-02 19:11:42','%Y-%m-%d %H:%i:%s')
,208,'gmjd.aptwdk','1234','957239257@qq.com',STR_TO_DATE('2010-05-02 19:13:35','%Y-%m-%d %H:%i:%s')
,209,'xxzdgg','19910923','13664917110@139.com',STR_TO_DATE('2010-05-02 19:21:28','%Y-%m-%d %H:%i:%s')
);
INSERT INTO ops.userinfo (id,userName,userPassword,email,createTime) VALUES (
210,'beijuyw','9905','beijuyw@163.com',STR_TO_DATE('2010-05-02 20:07:36','%Y-%m-%d %H:%i:%s')
,211,'tfand','511323','taofeng@tfand.cn',STR_TO_DATE('2010-05-02 20:27:25','%Y-%m-%d %H:%i:%s')
,212,'qq1170417960','251314251314','1170417960@qq.com',STR_TO_DATE('2010-05-02 21:01:41','%Y-%m-%d %H:%i:%s')
,213,'Lidaxia','990623','13531811364@139.Com',STR_TO_DATE('2010-05-02 21:23:02','%Y-%m-%d %H:%i:%s')
,214,'475369893','475369893','475369893@qq.com',STR_TO_DATE('2010-05-02 21:45:17','%Y-%m-%d %H:%i:%s')
,215,'Fate/stay night','521402wahkiouun','',STR_TO_DATE('2010-05-02 23:54:39','%Y-%m-%d %H:%i:%s')
,216,'13411015252','5252','',STR_TO_DATE('2010-05-02 24:14:50','%Y-%m-%d %H:%i:%s')
,217,'zxg123456','123456','',STR_TO_DATE('2010-05-03 01:09:29','%Y-%m-%d %H:%i:%s')
,218,'linsoudon','910312','471374229@.qq.con',STR_TO_DATE('2010-05-03 01:18:53','%Y-%m-%d %H:%i:%s')
,219,'liyulin5111','32598788','www.2116.com@qq.com',STR_TO_DATE('2010-05-03 02:32:57','%Y-%m-%d %H:%i:%s')
);
INSERT INTO ops.userinfo (id,userName,userPassword,email,createTime) VALUES (
220,'4444','13931779767','',STR_TO_DATE('2010-05-03 06:55:15','%Y-%m-%d %H:%i:%s')
,221,'momohuhu258','mayanxia258','1107406972@qq.com',STR_TO_DATE('2010-05-03 09:05:09','%Y-%m-%d %H:%i:%s')
,222,'364077','364077','1258157236@qq.com',STR_TO_DATE('2010-05-03 09:19:47','%Y-%m-%d %H:%i:%s')
,223,'176648669','8196685','',STR_TO_DATE('2010-05-03 10:51:58','%Y-%m-%d %H:%i:%s')
,224,'780566922','1179371289','780566922@qq.com',STR_TO_DATE('2010-05-03 11:16:29','%Y-%m-%d %H:%i:%s')
,225,'13559015664','123456','',STR_TO_DATE('2010-05-03 13:34:40','%Y-%m-%d %H:%i:%s')
,226,'Cwg123','199052100','460793919@pp.com',STR_TO_DATE('2010-05-03 14:24:26','%Y-%m-%d %H:%i:%s')
,227,'419637503','5664278','419637503@qq.com',STR_TO_DATE('2010-05-03 14:59:37','%Y-%m-%d %H:%i:%s')
,228,'15080697736','pengyangyu','842131938@qq.com',STR_TO_DATE('2010-05-03 16:13:03','%Y-%m-%d %H:%i:%s')
,229,'47339108','95968120981','www.47339108@qq.com',STR_TO_DATE('2010-05-03 16:38:00','%Y-%m-%d %H:%i:%s')
);
INSERT INTO ops.userinfo (id,userName,userPassword,email,createTime) VALUES (
230,'152250799','306700890','152250799@qq.com',STR_TO_DATE('2010-05-03 17:10:36','%Y-%m-%d %H:%i:%s')
,231,'947248136','1314520','947248136@qq.com',STR_TO_DATE('2010-05-03 18:30:46','%Y-%m-%d %H:%i:%s')
,232,'137677591','8639076','hourubin@qq.com',STR_TO_DATE('2010-05-03 20:41:14','%Y-%m-%d %H:%i:%s')
,233,'cage','3483895','',STR_TO_DATE('2010-05-03 21:15:44','%Y-%m-%d %H:%i:%s')
,234,'疯狂的男孩儿','aa1989232323','1018473568@qq.com',STR_TO_DATE('2010-05-03 22:38:16','%Y-%m-%d %H:%i:%s')
,235,'470200204','926327','',STR_TO_DATE('2010-05-03 23:11:24','%Y-%m-%d %H:%i:%s')
,236,'wanjy','860312','287132783@qq.com',STR_TO_DATE('2010-05-03 23:58:12','%Y-%m-%d %H:%i:%s')
,237,'534915481','13878789800','',STR_TO_DATE('2010-05-03 24:02:40','%Y-%m-%d %H:%i:%s')
,238,'cy1912051236','742277081','742277081@QQ.COM',STR_TO_DATE('2010-05-03 24:17:09','%Y-%m-%d %H:%i:%s')
,239,'h659822146','19142','',STR_TO_DATE('2010-05-03 24:56:30','%Y-%m-%d %H:%i:%s')
);
INSERT INTO ops.userinfo (id,userName,userPassword,email,createTime) VALUES (
240,'hyhlj','881220','',STR_TO_DATE('2010-05-04 01:15:24','%Y-%m-%d %H:%i:%s')
,241,'乐山乐水','123456','603060453@.com.cn',STR_TO_DATE('2010-05-04 02:49:08','%Y-%m-%d %H:%i:%s')
,242,'jieanly','111227','',STR_TO_DATE('2010-05-04 03:10:00','%Y-%m-%d %H:%i:%s')
,243,'hehe210417','51800000','lidan210417@163.com',STR_TO_DATE('2010-05-04 07:56:20','%Y-%m-%d %H:%i:%s')
,245,'976731361','452838141','420294084@qq.com',STR_TO_DATE('2010-05-04 09:26:16','%Y-%m-%d %H:%i:%s')
,246,'935279510','1234567890a','9265279510@qq.com',STR_TO_DATE('2010-05-04 10:15:46','%Y-%m-%d %H:%i:%s')
,248,'jun123','008953','773093492@.cn',STR_TO_DATE('2010-05-04 11:40:02','%Y-%m-%d %H:%i:%s')
,249,'292736946','0535647007','',STR_TO_DATE('2010-05-04 12:01:42','%Y-%m-%d %H:%i:%s')
,250,'qzk137','13725154593','',STR_TO_DATE('2010-05-04 12:34:05','%Y-%m-%d %H:%i:%s')
,251,'229729569','lj910127','',STR_TO_DATE('2010-05-04 12:50:21','%Y-%m-%d %H:%i:%s')
);
INSERT INTO ops.userinfo (id,userName,userPassword,email,createTime) VALUES (
252,'mygodyuhao','yh19910520','',STR_TO_DATE('2010-05-04 13:29:20','%Y-%m-%d %H:%i:%s')
,253,'7468011944','265688','',STR_TO_DATE('2010-05-04 14:32:28','%Y-%m-%d %H:%i:%s')
,254,'Robin','886688','15293157075@139.com',STR_TO_DATE('2010-05-04 14:55:14','%Y-%m-%d %H:%i:%s')
,255,'wulidong','525035100','',STR_TO_DATE('2010-05-04 14:59:36','%Y-%m-%d %H:%i:%s')
,256,'yedangzhao','478891','',STR_TO_DATE('2010-05-04 17:11:39','%Y-%m-%d %H:%i:%s')
,257,'a276244119','a2619446','tyff002@163.com',STR_TO_DATE('2010-05-04 17:38:42','%Y-%m-%d %H:%i:%s')
,258,'bobu2010','xue0305mei','bobu2222@sina.com',STR_TO_DATE('2010-05-04 18:04:56','%Y-%m-%d %H:%i:%s')
,259,'13432377870','767459420','251225826@qq.com',STR_TO_DATE('2010-05-04 19:27:33','%Y-%m-%d %H:%i:%s')
,260,'zhengyanqing ','812959414','812959414@qq.com',STR_TO_DATE('2010-05-04 19:41:51','%Y-%m-%d %H:%i:%s')
,261,'fan8501126','8501126','fan8501126@163.com',STR_TO_DATE('2010-05-04 19:52:58','%Y-%m-%d %H:%i:%s')
);
INSERT INTO ops.userinfo (id,userName,userPassword,email,createTime) VALUES (
262,'wap29526154','29526154','',STR_TO_DATE('2010-05-04 20:13:17','%Y-%m-%d %H:%i:%s')
,263,'hundouluo','123456','',STR_TO_DATE('2010-05-04 21:20:28','%Y-%m-%d %H:%i:%s')
,264,'1208666369','nameb41','1208666369@qq.com',STR_TO_DATE('2010-05-04 21:45:49','%Y-%m-%d %H:%i:%s')
,265,'8953','008953','773093492@.cn',STR_TO_DATE('2010-05-04 21:55:10','%Y-%m-%d %H:%i:%s')
,266,'995534922','kyz515200','',STR_TO_DATE('2010-05-04 22:29:29','%Y-%m-%d %H:%i:%s')
,267,'huan171080','huan171080huan','',STR_TO_DATE('2010-05-04 23:28:28','%Y-%m-%d %H:%i:%s')
,268,'AIYL','95520','',STR_TO_DATE('2010-05-04 23:30:09','%Y-%m-%d %H:%i:%s')
,269,'80723585','7953819','',STR_TO_DATE('2010-05-04 23:41:57','%Y-%m-%d %H:%i:%s')
,270,'a2579111','qq604781363','a2579111@163.com',STR_TO_DATE('2010-05-04 24:04:52','%Y-%m-%d %H:%i:%s')
,271,'7758258','199210','',STR_TO_DATE('2010-05-05 01:32:57','%Y-%m-%d %H:%i:%s')
);
INSERT INTO ops.userinfo (id,userName,userPassword,email,createTime) VALUES (
272,'750540064','15859627178','750540064@qq.com',STR_TO_DATE('2010-05-05 03:59:28','%Y-%m-%d %H:%i:%s')
,273,'125809761','2101303770','',STR_TO_DATE('2010-05-05 05:11:13','%Y-%m-%d %H:%i:%s')
,274,'lihonghong521','19861207','',STR_TO_DATE('2010-05-05 06:04:41','%Y-%m-%d %H:%i:%s')
,275,'Ysf5889','Ysf663636','',STR_TO_DATE('2010-05-05 08:10:49','%Y-%m-%d %H:%i:%s')
,276,'kingfang111219','iloveutoo','17808462@qq.com',STR_TO_DATE('2010-05-05 10:13:31','%Y-%m-%d %H:%i:%s')
,277,'jzyRicky','19900505','',STR_TO_DATE('2010-05-05 10:28:00','%Y-%m-%d %H:%i:%s')
,278,'jlgaojie','jl382821592','382821592@.qq.com',STR_TO_DATE('2010-05-05 11:16:20','%Y-%m-%d %H:%i:%s')
,279,'kang','15017871680','',STR_TO_DATE('2010-05-05 13:46:45','%Y-%m-%d %H:%i:%s')
,280,'心照不宣','46285','',STR_TO_DATE('2010-05-05 14:14:20','%Y-%m-%d %H:%i:%s')
,281,'450289','998992','',STR_TO_DATE('2010-05-05 14:33:11','%Y-%m-%d %H:%i:%s')
);
INSERT INTO ops.userinfo (id,userName,userPassword,email,createTime) VALUES (
282,'王国之战','198910','',STR_TO_DATE('2010-05-05 15:43:09','%Y-%m-%d %H:%i:%s')
,283,'6681088','6692500','',STR_TO_DATE('2010-05-05 16:23:33','%Y-%m-%d %H:%i:%s')
,284,'19860309','198639','',STR_TO_DATE('2010-05-05 18:16:04','%Y-%m-%d %H:%i:%s')
,285,'773492914','x773492914','',STR_TO_DATE('2010-05-05 19:05:24','%Y-%m-%d %H:%i:%s')
,286,'qq245400615','5202560668','',STR_TO_DATE('2010-05-05 19:28:19','%Y-%m-%d %H:%i:%s')
,287,'77932097','6886026','',STR_TO_DATE('2010-05-05 20:49:13','%Y-%m-%d %H:%i:%s')
,288,'诺基亚 N72','1990122609','',STR_TO_DATE('2010-05-05 20:50:08','%Y-%m-%d %H:%i:%s')
,289,'博士达音响','991321236','',STR_TO_DATE('2010-05-05 20:51:36','%Y-%m-%d %H:%i:%s')
,290,'344238792','344238792','',STR_TO_DATE('2010-05-05 23:12:51','%Y-%m-%d %H:%i:%s')
,291,'淡然一笑','350621','',STR_TO_DATE('2010-05-05 23:13:46','%Y-%m-%d %H:%i:%s')
);
INSERT INTO ops.userinfo (id,userName,userPassword,email,createTime) VALUES (
292,'6832246','6832246','',STR_TO_DATE('2010-05-05 23:14:50','%Y-%m-%d %H:%i:%s')
,294,'630231730','302302','630231730@qq.com',STR_TO_DATE('2010-05-05 24:21:59','%Y-%m-%d %H:%i:%s')
,295,'jian','123456','15920912485@139.com',STR_TO_DATE('2010-05-06 01:02:35','%Y-%m-%d %H:%i:%s')
,296,'249100335','249100335','',STR_TO_DATE('2010-05-06 01:28:28','%Y-%m-%d %H:%i:%s')
,297,'leishuaipeng','076100','412117280@qq.com',STR_TO_DATE('2010-05-06 01:39:56','%Y-%m-%d %H:%i:%s')
,298,'leishuaipeng111','076100','412117280@qq.com',STR_TO_DATE('2010-05-06 01:41:17','%Y-%m-%d %H:%i:%s')
,299,'kami89','113631765','450074760@qq.com',STR_TO_DATE('2010-05-06 06:38:15','%Y-%m-%d %H:%i:%s')
,300,'willsonjin','1314ttdt','',STR_TO_DATE('2010-05-06 08:14:50','%Y-%m-%d %H:%i:%s')
,301,'13588741367','123456','',STR_TO_DATE('2010-05-06 08:27:15','%Y-%m-%d %H:%i:%s')
,302,'5320XM','680803','619397592@qq.com',STR_TO_DATE('2010-05-06 08:50:32','%Y-%m-%d %H:%i:%s')
);
INSERT INTO ops.userinfo (id,userName,userPassword,email,createTime) VALUES (
303,'928420421','15237706280','1058971441@qq.com',STR_TO_DATE('2010-05-06 10:18:44','%Y-%m-%d %H:%i:%s')
,304,'13450618030','453313764','',STR_TO_DATE('2010-05-06 10:48:29','%Y-%m-%d %H:%i:%s')
,305,'zhangxiang','zhangxiang',NULL,STR_TO_DATE('2010-05-06 11:30:55','%Y-%m-%d %H:%i:%s')
,306,'15006420071','870507','756787973@qq.com',STR_TO_DATE('2010-05-06 11:32:55','%Y-%m-%d %H:%i:%s')
,307,'15245909973','13694603206','',STR_TO_DATE('2010-05-06 12:36:34','%Y-%m-%d %H:%i:%s')
,308,'2311552','2311552','',STR_TO_DATE('2010-05-06 13:29:06','%Y-%m-%d %H:%i:%s')
,309,'liulingy0425','4634002','liulingy0425@163.com',STR_TO_DATE('2010-05-06 14:18:04','%Y-%m-%d %H:%i:%s')
,310,'micki ','232372','',STR_TO_DATE('2010-05-06 16:21:06','%Y-%m-%d %H:%i:%s')
,311,'pan1026','15975346pan','',STR_TO_DATE('2010-05-06 16:44:33','%Y-%m-%d %H:%i:%s')
,312,'shang','191213','shangweijing@126.com',STR_TO_DATE('2010-05-06 17:08:48','%Y-%m-%d %H:%i:%s')
);
INSERT INTO ops.userinfo (id,userName,userPassword,email,createTime) VALUES (
313,'f4101448','13728701734','350500482@qq.com',STR_TO_DATE('2010-05-06 17:24:48','%Y-%m-%d %H:%i:%s')
,314,'ITF-TKD','89757','',STR_TO_DATE('2010-05-06 18:32:11','%Y-%m-%d %H:%i:%s')
,315,'15941488228','15941488228','944567621@qq.com',STR_TO_DATE('2010-05-06 18:36:03','%Y-%m-%d %H:%i:%s')
,316,'深海蓝鲸','haiyang945ya','',STR_TO_DATE('2010-05-06 19:53:02','%Y-%m-%d %H:%i:%s')
,317,'a529834068','502172725','a529834068@163.com',STR_TO_DATE('2010-05-06 21:48:16','%Y-%m-%d %H:%i:%s')
,318,'15819052445','t872296681','',STR_TO_DATE('2010-05-06 23:28:12','%Y-%m-%d %H:%i:%s')
,319,'wjs325','429004','1272195172@qq.com',STR_TO_DATE('2010-05-07 02:16:41','%Y-%m-%d %H:%i:%s')
,320,'zhangbianfei','13673668661zbf','zhangbianfei@qq.com',STR_TO_DATE('2010-05-07 08:22:03','%Y-%m-%d %H:%i:%s')
,321,'8610152','8670152','',STR_TO_DATE('2010-05-07 10:45:35','%Y-%m-%d %H:%i:%s')
,322,'guohuan','521123','15869616302@139.com',STR_TO_DATE('2010-05-07 11:20:37','%Y-%m-%d %H:%i:%s')
);
INSERT INTO ops.userinfo (id,userName,userPassword,email,createTime) VALUES (
323,'完美结局','yujie0421','183303356@qq.com',STR_TO_DATE('2010-05-07 12:53:04','%Y-%m-%d %H:%i:%s')
,324,'青春无敌','983188','',STR_TO_DATE('2010-05-07 13:32:32','%Y-%m-%d %H:%i:%s')
,325,'fztyp','02161985','fztyp@qq.com',STR_TO_DATE('2010-05-07 14:44:14','%Y-%m-%d %H:%i:%s')
,326,'12586924456','253862','',STR_TO_DATE('2010-05-07 16:05:46','%Y-%m-%d %H:%i:%s')
,327,'123456','AAABD','',STR_TO_DATE('2010-05-07 20:35:44','%Y-%m-%d %H:%i:%s')
,328,'8858593','lianghong','',STR_TO_DATE('2010-05-07 21:09:06','%Y-%m-%d %H:%i:%s')
,329,'ljw1227','ljw85217639','',STR_TO_DATE('2010-05-07 23:40:30','%Y-%m-%d %H:%i:%s')
,330,'JyZkr','123456','',STR_TO_DATE('2010-05-07 24:22:27','%Y-%m-%d %H:%i:%s')
,331,'SJ897482256','Dragon123','897482256@qq.com',STR_TO_DATE('2010-05-08 01:51:29','%Y-%m-%d %H:%i:%s')
,332,'546720751','jinmaoshu','546720751@qq.com',STR_TO_DATE('2010-05-08 02:14:21','%Y-%m-%d %H:%i:%s')
);
INSERT INTO ops.userinfo (id,userName,userPassword,email,createTime) VALUES (
333,'woshizongxiong','314159','767316701@qq.com',STR_TO_DATE('2010-05-08 06:39:58','%Y-%m-%d %H:%i:%s')
,334,'HHWW','52787','342106614@qq.com',STR_TO_DATE('2010-05-08 07:49:27','%Y-%m-%d %H:%i:%s')
,336,'水漠孤寒','867512110','',STR_TO_DATE('2010-05-08 11:40:05','%Y-%m-%d %H:%i:%s')
,337,'631046746','901215','631046746@qq.com',STR_TO_DATE('2010-05-08 12:18:31','%Y-%m-%d %H:%i:%s')
,338,'54211609','54211609','wwwaaatt@163.com.cn',STR_TO_DATE('2010-05-08 14:06:11','%Y-%m-%d %H:%i:%s')
,339,'jackychen','jackychen','294064764@qq.com',STR_TO_DATE('2010-05-08 15:12:28','%Y-%m-%d %H:%i:%s')
,340,'zms1911426','19840522','zms1911426@sohu.com',STR_TO_DATE('2010-05-08 18:02:34','%Y-%m-%d %H:%i:%s')
,341,'xupengbiao','921887765','',STR_TO_DATE('2010-05-08 21:27:02','%Y-%m-%d %H:%i:%s')
,342,'F611','F6118009','',STR_TO_DATE('2010-05-08 22:17:43','%Y-%m-%d %H:%i:%s')
,343,'Sailing','S736203','',STR_TO_DATE('2010-05-08 23:07:51','%Y-%m-%d %H:%i:%s')
);
INSERT INTO ops.userinfo (id,userName,userPassword,email,createTime) VALUES (
344,'889802','889802','',STR_TO_DATE('2010-05-08 24:08:53','%Y-%m-%d %H:%i:%s')
,345,'暗恋你 一辈子','mawenan123','',STR_TO_DATE('2010-05-08 24:52:35','%Y-%m-%d %H:%i:%s')
,347,'ly2468','liuyi19870317','',STR_TO_DATE('2010-05-09 12:40:32','%Y-%m-%d %H:%i:%s')
,348,'ly2468liuyi','liuyi19870317','',STR_TO_DATE('2010-05-09 12:41:35','%Y-%m-%d %H:%i:%s')
,349,'天天动听','ADGJMJMG','',STR_TO_DATE('2010-05-09 12:51:27','%Y-%m-%d %H:%i:%s')
,350,'loveshuaiwei','w4071457','307893956@qq.com',STR_TO_DATE('2010-05-09 14:15:02','%Y-%m-%d %H:%i:%s')
,351,'forever ','zdd3322706','',STR_TO_DATE('2010-05-09 14:50:19','%Y-%m-%d %H:%i:%s')
,352,'3258916892','8888','',STR_TO_DATE('2010-05-09 18:13:38','%Y-%m-%d %H:%i:%s')
,411,'ergreg','asdf','jiege82000@163.com',STR_TO_DATE('2010-07-16 14:55:07','%Y-%m-%d %H:%i:%s')
,354,'wenkelin','wenkelin','wk19860919@163.com',STR_TO_DATE('2010-05-09 20:23:13','%Y-%m-%d %H:%i:%s')
);
INSERT INTO ops.userinfo (id,userName,userPassword,email,createTime) VALUES (
355,'399475375','040112','399475375@qq.com.cn',STR_TO_DATE('2010-05-09 21:02:55','%Y-%m-%d %H:%i:%s')
,357,'491912865','872401073','491912865@qq.com',STR_TO_DATE('2010-05-09 23:08:09','%Y-%m-%d %H:%i:%s')
,358,'520206','83278205','',STR_TO_DATE('2010-05-09 23:33:26','%Y-%m-%d %H:%i:%s')
,359,'1987SU','19870904','',STR_TO_DATE('2010-05-09 24:37:14','%Y-%m-%d %H:%i:%s')
,360,'fuyangthomas','miaomiao','yuepengyang@ovi.com',STR_TO_DATE('2010-05-09 24:53:02','%Y-%m-%d %H:%i:%s')
,361,'jiajia4059','907289640','',STR_TO_DATE('2010-05-10 05:46:06','%Y-%m-%d %H:%i:%s')
,362,'暧昧碎碎念','112233','94134753@qq.com',STR_TO_DATE('2010-05-10 06:12:45','%Y-%m-%d %H:%i:%s')
,363,'玩，玩，玩','1994382009','1239137081@163.com',STR_TO_DATE('2010-05-10 07:56:20','%Y-%m-%d %H:%i:%s')
,364,'735116986','13409715082','',STR_TO_DATE('2010-05-10 08:55:50','%Y-%m-%d %H:%i:%s')
,365,'Zhangli','123456789','154347064@qq.com.cn',STR_TO_DATE('2010-05-10 11:26:37','%Y-%m-%d %H:%i:%s')
);
INSERT INTO ops.userinfo (id,userName,userPassword,email,createTime) VALUES (
366,'tjso','453446615','',STR_TO_DATE('2010-05-10 11:54:00','%Y-%m-%d %H:%i:%s')
,367,'Vae.10','ainixiaozhuan','',STR_TO_DATE('2010-05-10 22:58:30','%Y-%m-%d %H:%i:%s')
,368,'ssochao','13584818263','ssochao@126.com',STR_TO_DATE('2010-05-10 24:10:52','%Y-%m-%d %H:%i:%s')
,369,'mogzhope','84397839','',STR_TO_DATE('2010-05-10 24:25:19','%Y-%m-%d %H:%i:%s')
,370,'13706075624','075624','522205181@qq.com',STR_TO_DATE('2010-05-11 01:14:32','%Y-%m-%d %H:%i:%s')
,371,'miyongjun','mi6923081','',STR_TO_DATE('2010-05-11 02:06:22','%Y-%m-%d %H:%i:%s')
,372,'865865','8888','',STR_TO_DATE('2010-05-11 11:18:32','%Y-%m-%d %H:%i:%s')
,374,'mchm14','883300','',STR_TO_DATE('2010-05-11 14:43:00','%Y-%m-%d %H:%i:%s')
,375,'452702946','452702946','',STR_TO_DATE('2010-05-11 23:42:55','%Y-%m-%d %H:%i:%s')
,376,'jiezai13580','338958','jiezai13580@163.com',STR_TO_DATE('2010-05-12 01:49:12','%Y-%m-%d %H:%i:%s')
);
INSERT INTO ops.userinfo (id,userName,userPassword,email,createTime) VALUES (
377,'掉色々逐浪','13660805271','',STR_TO_DATE('2010-05-12 02:28:21','%Y-%m-%d %H:%i:%s')
,378,'monkey','123483594789','',STR_TO_DATE('2010-05-12 10:08:58','%Y-%m-%d %H:%i:%s')
,379,'13502565109','841129','',STR_TO_DATE('2010-05-12 10:18:38','%Y-%m-%d %H:%i:%s')
,380,'liaoxingan','1231303','',STR_TO_DATE('2010-05-12 12:24:21','%Y-%m-%d %H:%i:%s')
,381,'1193862583','123456','451279098@qq.com',STR_TO_DATE('2010-05-12 13:48:00','%Y-%m-%d %H:%i:%s')
,382,'12803loov','820320','12803966967@qq.com',STR_TO_DATE('2010-05-12 20:57:07','%Y-%m-%d %H:%i:%s')
,385,'sevenalways','leave','35287943@163.com',STR_TO_DATE('2010-05-13 01:22:39','%Y-%m-%d %H:%i:%s')
,388,'chenwen131','81021023','snake131@163.com',STR_TO_DATE('2010-05-13 09:06:20','%Y-%m-%d %H:%i:%s')
,389,'gutianyu','woaini1314chunv','goodgutianyu@163.com',STR_TO_DATE('2010-05-13 10:10:38','%Y-%m-%d %H:%i:%s')
,390,'18601125527','125527','',STR_TO_DATE('2010-05-13 11:17:44','%Y-%m-%d %H:%i:%s')
);
INSERT INTO ops.userinfo (id,userName,userPassword,email,createTime) VALUES (
391,'zhaobeilong','123456',NULL,STR_TO_DATE('2010-05-28 15:38:42','%Y-%m-%d %H:%i:%s')
,392,'qwer','123456',NULL,STR_TO_DATE('2010-06-10 13:04:18','%Y-%m-%d %H:%i:%s')
);






